log_sqft,NFLOOR,YRCONC,WKHRS,NWKER,MONUSE,ht1_bin,cool_bin,business_type_Food service,business_type_Retail other than mall,business_type_Service,business_type_Strip shopping center,REGION_2,REGION_3,REGION_4
-0.530684788854377,-0.48531415682043455,-1.5815077284894221,-0.14876369221534602,-0.42685369326476924,0.24919657550716448,0.3513997458401445,0.43994134506405985,-0.6420387375057796,-0.4630788411589358,1.2866632785404648,-0.2749207073845788,1.599278683560907,-0.7653197277702214,-0.5419467627971346
-0.8833508928102363,-0.48531415682043455,1.1136922386906067,0.5978379997728032,0.045772341173030126,0.24919657550716448,0.3513997458401445,0.43994134506405985,1.5575384187640207,-0.4630788411589358,-0.7772041191183732,-0.2749207073845788,1.599278683560907,-0.7653197277702214,-0.5419467627971346
-1.5558315076685976,-0.48531415682043455,-0.23390774489940772,-1.1785591294403794,-0.5450102018742191,0.24919657550716448,0.3513997458401445,0.43994134506405985,1.5575384187640207,-0.4630788411589358,-0.7772041191183732,-0.2749207073845788,-0.6252818913170464,1.3066434376564755,-0.5419467627971346
-0.8042338709858224,-0.48531415682043455,0.2152922496305971,-1.0240898138566243,-0.7813232190931187,0.24919657550716448,0.3513997458401445,-2.273030282830976,-0.6420387375057796,-0.4630788411589358,1.2866632785404648,-0.2749207073845788,-0.6252818913170464,-0.7653197277702214,-0.5419467627971346
-0.9109001052118388,-0.48531415682043455,1.5628922332206117,2.502959558639115,-0.8994797277025687,0.24919657550716448,0.3513997458401445,-2.273030282830976,-0.6420387375057796,-0.4630788411589358,1.2866632785404648,-0.2749207073845788,1.599278683560907,-0.7653197277702214,-0.5419467627971346
-1.123311891412672,-0.48531415682043455,1.1136922386906067,1.4731641214140816,0.28208535839192983,0.24919657550716448,0.3513997458401445,0.43994134506405985,1.5575384187640207,-0.4630788411589358,-0.7772041191183732,-0.2749207073845788,-0.6252818913170464,-0.7653197277702214,1.8451996923807201
0.11980620752974591,-0.48531415682043455,0.2152922496305971,-0.020039262562216845,0.872867901439179,0.24919657550716448,0.3513997458401445,0.43994134506405985,1.5575384187640207,-0.4630788411589358,-0.7772041191183732,-0.2749207073845788,-0.6252818913170464,-0.7653197277702214,-0.5419467627971346
-1.1568999749416828,-0.48531415682043455,-1.5815077284894221,1.7048680947897141,-0.19054067604586958,0.24919657550716448,0.3513997458401445,0.43994134506405985,-0.6420387375057796,-0.4630788411589358,-0.7772041191183732,-0.2749207073845788,1.599278683560907,-0.7653197277702214,-0.5419467627971346
-0.8042338709858224,1.187663216069884,-1.5815077284894221,-0.6121716389666111,-0.42685369326476924,0.24919657550716448,0.3513997458401445,0.43994134506405985,-0.6420387375057796,2.1594594939758536,-0.7772041191183732,-0.2749207073845788,-0.6252818913170464,-0.7653197277702214,-0.5419467627971346
0.9079118696377587,-0.48531415682043455,0.6644922441606019,-1.0498346997872503,-0.6631667104836689,0.24919657550716448,-2.845761876148056,-2.273030282830976,-0.6420387375057796,-0.4630788411589358,1.2866632785404648,-0.2749207073845788,-0.6252818913170464,-0.7653197277702214,1.8451996923807201
0.18987604172356773,-0.48531415682043455,-1.5815077284894221,-1.8221812777060253,-0.6631667104836689,0.24919657550716448,-2.845761876148056,-2.273030282830976,-0.6420387375057796,-0.4630788411589358,1.2866632785404648,-0.2749207073845788,-0.6252818913170464,-0.7653197277702214,-0.5419467627971346
0.5080077955192175,1.187663216069884,-0.6831077394294125,-0.7923858404809919,-0.19054067604586958,0.24919657550716448,0.3513997458401445,0.43994134506405985,-0.6420387375057796,-0.4630788411589358,1.2866632785404648,-0.2749207073845788,1.599278683560907,-0.7653197277702214,-0.5419467627971346
-1.2269698091355057,-0.48531415682043455,1.1136922386906067,2.502959558639115,-0.42685369326476924,0.24919657550716448,0.3513997458401445,0.43994134506405985,1.5575384187640207,-0.4630788411589358,-0.7772041191183732,-0.2749207073845788,-0.6252818913170464,1.3066434376564755,-0.5419467627971346
-0.17801868489851558,2.860640588960202,0.6644922441606019,-0.40621255152160435,-0.5450102018742191,0.24919657550716448,0.3513997458401445,0.43994134506405985,-0.6420387375057796,2.1594594939758536,-0.7772041191183732,-0.2749207073845788,-0.6252818913170464,-0.7653197277702214,-0.5419467627971346
0.09553039723293207,-0.48531415682043455,0.6644922441606019,0.6493277716340549,1.4636504444864284,0.24919657550716448,0.3513997458401445,0.43994134506405985,1.5575384187640207,-0.4630788411589358,-0.7772041191183732,-0.2749207073845788,-0.6252818913170464,-0.7653197277702214,1.8451996923807201
-0.530684788854377,-0.48531415682043455,-0.6831077394294125,-0.5864267530359852,-0.42685369326476924,0.24919657550716448,0.3513997458401445,0.43994134506405985,-0.6420387375057796,2.1594594939758536,-0.7772041191183732,-0.2749207073845788,-0.6252818913170464,-0.7653197277702214,-0.5419467627971346
-1.3012888273405177,-0.48531415682043455,-1.5815077284894221,-0.5349369811747335,-0.7813232190931187,0.24919657550716448,0.3513997458401445,0.43994134506405985,-0.6420387375057796,2.1594594939758536,-0.7772041191183732,-0.2749207073845788,-0.6252818913170464,1.3066434376564755,-0.5419467627971346
-0.8300430002565818,-0.48531415682043455,-0.6831077394294125,2.502959558639115,-0.5450102018742191,0.24919657550716448,0.3513997458401445,0.43994134506405985,-0.6420387375057796,-0.4630788411589358,-0.7772041191183732,-0.2749207073845788,-0.6252818913170464,-0.7653197277702214,1.8451996923807201
0.3788475657866046,-0.48531415682043455,-1.1323077339594174,-0.5349369811747335,-0.6631667104836689,0.24919657550716448,0.3513997458401445,-2.273030282830976,-0.6420387375057796,-0.4630788411589358,1.2866632785404648,-0.2749207073845788,-0.6252818913170464,-0.7653197277702214,1.8451996923807201
-0.8300430002565818,-0.48531415682043455,-0.6831077394294125,1.7821027525815916,-0.7813232190931187,0.24919657550716448,0.3513997458401445,0.43994134506405985,-0.6420387375057796,-0.4630788411589358,-0.7772041191183732,-0.2749207073845788,-0.6252818913170464,-0.7653197277702214,1.8451996923807201
0.045487189324732974,-0.48531415682043455,-0.6831077394294125,-0.9211102701341211,-0.7813232190931187,0.24919657550716448,-2.845761876148056,0.43994134506405985,-0.6420387375057796,-0.4630788411589358,-0.7772041191183732,-0.2749207073845788,-0.6252818913170464,-0.7653197277702214,1.8451996923807201
0.11980620752974591,-0.48531415682043455,-1.5815077284894221,-0.09727392035409435,-0.7813232190931187,0.24919657550716448,0.3513997458401445,-2.273030282830976,-0.6420387375057796,-0.4630788411589358,1.2866632785404648,-0.2749207073845788,1.599278683560907,-0.7653197277702214,-0.5419467627971346
-0.7541906630776245,1.187663216069884,0.2152922496305971,1.241460148038449,-0.19054067604586958,0.24919657550716448,0.3513997458401445,0.43994134506405985,1.5575384187640207,-0.4630788411589358,-0.7772041191183732,-0.2749207073845788,1.599278683560907,-0.7653197277702214,-0.5419467627971346
0.542542145679427,1.187663216069884,-1.5815077284894221,-0.020039262562216845,0.872867901439179,0.24919657550716448,0.3513997458401445,0.43994134506405985,1.5575384187640207,-0.4630788411589358,-0.7772041191183732,-0.2749207073845788,-0.6252818913170464,1.3066434376564755,-0.5419467627971346
-1.3804058491649314,-0.48531415682043455,-0.23390774489940772,-0.7923858404809919,-0.7813232190931187,0.24919657550716448,0.3513997458401445,0.43994134506405985,-0.6420387375057796,2.1594594939758536,-0.7772041191183732,-0.2749207073845788,-0.6252818913170464,-0.7653197277702214,1.8451996923807201
0.27747675387614307,-0.48531415682043455,-1.1323077339594174,0.8810317450096874,0.5183983756108295,0.24919657550716448,0.3513997458401445,0.43994134506405985,-0.6420387375057796,-0.4630788411589358,-0.7772041191183732,-0.2749207073845788,-0.6252818913170464,1.3066434376564755,-0.5419467627971346
-0.03362983249968083,1.187663216069884,1.1136922386906067,1.7821027525815916,-0.6631667104836689,0.24919657550716448,-2.845761876148056,0.43994134506405985,1.5575384187640207,-0.4630788411589358,-0.7772041191183732,-0.2749207073845788,-0.6252818913170464,-0.7653197277702214,1.8451996923807201
-1.5095660788975431,-0.48531415682043455,0.6644922441606019,-0.7923858404809919,-0.42685369326476924,0.24919657550716448,-2.845761876148056,-2.273030282830976,-0.6420387375057796,-0.4630788411589358,1.2866632785404648,-0.2749207073845788,-0.6252818913170464,-0.7653197277702214,-0.5419467627971346
-0.7541906630776245,-0.48531415682043455,-0.23390774489940772,-0.5349369811747335,-0.6631667104836689,0.24919657550716448,0.3513997458401445,0.43994134506405985,-0.6420387375057796,-0.4630788411589358,-0.7772041191183732,-0.2749207073845788,-0.6252818913170464,1.3066434376564755,-0.5419467627971346
0.542542145679427,4.533617961850521,-1.5815077284894221,-1.4617528746772637,0.872867901439179,0.24919657550716448,0.3513997458401445,0.43994134506405985,1.5575384187640207,-0.4630788411589358,-0.7772041191183732,-0.2749207073845788,-0.6252818913170464,1.3066434376564755,-0.5419467627971346
-0.8042338709858224,-0.48531415682043455,1.1136922386906067,1.0612459465240682,-0.5450102018742191,-3.4225936742222918,0.3513997458401445,0.43994134506405985,-0.6420387375057796,-0.4630788411589358,-0.7772041191183732,-0.2749207073845788,1.599278683560907,-0.7653197277702214,-0.5419467627971346
0.09553039723293207,2.860640588960202,-1.1323077339594174,-0.32897789372972686,-0.07238416743641972,0.24919657550716448,0.3513997458401445,0.43994134506405985,-0.6420387375057796,2.1594594939758536,-0.7772041191183732,-0.2749207073845788,-0.6252818913170464,-0.7653197277702214,1.8451996923807201
0.39815329328059224,-0.48531415682043455,0.2152922496305971,-0.40621255152160435,0.28208535839192983,0.24919657550716448,0.3513997458401445,0.43994134506405985,-0.6420387375057796,-0.4630788411589358,-0.7772041191183732,3.6374124361651967,1.599278683560907,-0.7653197277702214,-0.5419467627971346
1.0050627518739115,-0.48531415682043455,1.1136922386906067,0.6493277716340549,-0.6631667104836689,0.24919657550716448,0.3513997458401445,0.43994134506405985,-0.6420387375057796,-0.4630788411589358,1.2866632785404648,-0.2749207073845788,-0.6252818913170464,-0.7653197277702214,-0.5419467627971346
-1.8176495111892004,-0.48531415682043455,-0.23390774489940772,2.502959558639115,-0.7813232190931187,0.24919657550716448,0.3513997458401445,0.43994134506405985,-0.6420387375057796,-0.4630788411589358,1.2866632785404648,-0.2749207073845788,1.599278683560907,-0.7653197277702214,-0.5419467627971346
-0.8300430002565818,-0.48531415682043455,1.1136922386906067,0.3661340263971707,-0.6631667104836689,0.24919657550716448,0.3513997458401445,-2.273030282830976,-0.6420387375057796,2.1594594939758536,-0.7772041191183732,-0.2749207073845788,-0.6252818913170464,-0.7653197277702214,1.8451996923807201
0.3190362714561784,-0.48531415682043455,-1.1323077339594174,-0.6379165248972368,-0.7813232190931187,-3.4225936742222918,0.3513997458401445,0.43994134506405985,-0.6420387375057796,2.1594594939758536,-0.7772041191183732,-0.2749207073845788,-0.6252818913170464,-0.7653197277702214,-0.5419467627971346
-0.34171326479133796,4.533617961850521,-0.23390774489940772,-0.14876369221534602,-0.19054067604586958,0.24919657550716448,0.3513997458401445,0.43994134506405985,1.5575384187640207,-0.4630788411589358,-0.7772041191183732,-0.2749207073845788,-0.6252818913170464,-0.7653197277702214,1.8451996923807201
1.2668807553945143,-0.48531415682043455,0.2152922496305971,-0.2774881218684752,-0.6631667104836689,0.24919657550716448,0.3513997458401445,0.43994134506405985,-0.6420387375057796,-0.4630788411589358,1.2866632785404648,-0.2749207073845788,-0.6252818913170464,-0.7653197277702214,-0.5419467627971346
-0.8042338709858224,-0.48531415682043455,1.1136922386906067,0.0829402811602865,-0.5450102018742191,0.24919657550716448,0.3513997458401445,0.43994134506405985,-0.6420387375057796,-0.4630788411589358,-0.7772041191183732,-0.2749207073845788,-0.6252818913170464,1.3066434376564755,-0.5419467627971346
-0.9109001052118388,-0.48531415682043455,-1.5815077284894221,-0.7923858404809919,-0.5450102018742191,0.24919657550716448,0.3513997458401445,0.43994134506405985,1.5575384187640207,-0.4630788411589358,-0.7772041191183732,-0.2749207073845788,-0.6252818913170464,1.3066434376564755,-0.5419467627971346
0.5080077955192175,1.187663216069884,0.2152922496305971,1.7821027525815916,5.599128245817172,0.24919657550716448,0.3513997458401445,0.43994134506405985,1.5575384187640207,-0.4630788411589358,-0.7772041191183732,-0.2749207073845788,-0.6252818913170464,1.3066434376564755,-0.5419467627971346
-0.7541906630776245,-0.48531415682043455,0.6644922441606019,-0.2774881218684752,0.28208535839192983,0.24919657550716448,0.3513997458401445,0.43994134506405985,-0.6420387375057796,-0.4630788411589358,1.2866632785404648,-0.2749207073845788,-0.6252818913170464,-0.7653197277702214,1.8451996923807201
-0.530684788854377,-0.48531415682043455,-1.1323077339594174,1.0612459465240682,-0.3086971846553194,0.24919657550716448,0.3513997458401445,0.43994134506405985,1.5575384187640207,-0.4630788411589358,-0.7772041191183732,-0.2749207073845788,1.599278683560907,-0.7653197277702214,-0.5419467627971346
-1.3012888273405177,-0.48531415682043455,-1.5815077284894221,0.10868516709091233,-0.5450102018742191,0.24919657550716448,0.3513997458401445,0.43994134506405985,1.5575384187640207,-0.4630788411589358,-0.7772041191183732,-0.2749207073845788,-0.6252818913170464,1.3066434376564755,-0.5419467627971346
1.0620910975407187,1.187663216069884,-0.23390774489940772,-0.2774881218684752,0.28208535839192983,0.24919657550716448,0.3513997458401445,0.43994134506405985,-0.6420387375057796,-0.4630788411589358,1.2866632785404648,-0.2749207073845788,-0.6252818913170464,-0.7653197277702214,1.8451996923807201
-0.7541906630776245,-0.48531415682043455,1.1136922386906067,1.7821027525815916,0.28208535839192983,0.24919657550716448,0.3513997458401445,0.43994134506405985,1.5575384187640207,-0.4630788411589358,-0.7772041191183732,-0.2749207073845788,-0.6252818913170464,1.3066434376564755,-0.5419467627971346
-0.41384514885714374,-0.48531415682043455,0.6644922441606019,-1.0498346997872503,-0.7813232190931187,0.24919657550716448,0.3513997458401445,0.43994134506405985,-0.6420387375057796,-0.4630788411589358,1.2866632785404648,-0.2749207073845788,-0.6252818913170464,1.3066434376564755,-0.5419467627971346
-1.027739745209071,-0.48531415682043455,-1.1323077339594174,1.11273571838532,-0.6631667104836689,0.24919657550716448,-2.845761876148056,0.43994134506405985,-0.6420387375057796,2.1594594939758536,-0.7772041191183732,-0.2749207073845788,-0.6252818913170464,-0.7653197277702214,1.8451996923807201
-1.3012888273405177,1.187663216069884,-1.1323077339594174,-0.5349369811747335,-0.42685369326476924,0.24919657550716448,0.3513997458401445,0.43994134506405985,-0.6420387375057796,-0.4630788411589358,1.2866632785404648,-0.2749207073845788,-0.6252818913170464,-0.7653197277702214,1.8451996923807201
1.0896403099423202,-0.48531415682043455,1.1136922386906067,-0.40621255152160435,0.991024410048629,0.24919657550716448,0.3513997458401445,0.43994134506405985,-0.6420387375057796,-0.4630788411589358,-0.7772041191183732,3.6374124361651967,1.599278683560907,-0.7653197277702214,-0.5419467627971346
-1.3012888273405177,-0.48531415682043455,-1.1323077339594174,0.160174938952164,-0.6631667104836689,0.24919657550716448,0.3513997458401445,0.43994134506405985,1.5575384187640207,-0.4630788411589358,-0.7772041191183732,-0.2749207073845788,-0.6252818913170464,1.3066434376564755,-0.5419467627971346
1.2668807553945143,-0.48531415682043455,0.2152922496305971,-0.7923858404809919,-0.19054067604586958,0.24919657550716448,0.3513997458401445,0.43994134506405985,-0.6420387375057796,-0.4630788411589358,1.2866632785404648,-0.2749207073845788,-0.6252818913170464,1.3066434376564755,-0.5419467627971346
-0.7541906630776245,1.187663216069884,-1.1323077339594174,0.031450509299034826,-0.6631667104836689,0.24919657550716448,0.3513997458401445,0.43994134506405985,1.5575384187640207,-0.4630788411589358,-0.7772041191183732,-0.2749207073845788,1.599278683560907,-0.7653197277702214,-0.5419467627971346
0.9452514575434875,-0.48531415682043455,1.1136922386906067,-0.7923858404809919,-0.3086971846553194,0.24919657550716448,0.3513997458401445,0.43994134506405985,-0.6420387375057796,-0.4630788411589358,1.2866632785404648,-0.2749207073845788,-0.6252818913170464,1.3066434376564755,-0.5419467627971346
0.9452514575434875,1.187663216069884,-1.1323077339594174,-0.6636614108278627,-0.3086971846553194,0.24919657550716448,0.3513997458401445,0.43994134506405985,-0.6420387375057796,-0.4630788411589358,1.2866632785404648,-0.2749207073845788,-0.6252818913170464,1.3066434376564755,-0.5419467627971346
-0.8564072069014836,-0.48531415682043455,1.1136922386906067,-0.2774881218684752,-0.6631667104836689,0.24919657550716448,-2.845761876148056,0.43994134506405985,-0.6420387375057796,2.1594594939758536,-0.7772041191183732,-0.2749207073845788,-0.6252818913170464,1.3066434376564755,-0.5419467627971346
1.5957424539276084,-0.48531415682043455,-0.23390774489940772,-0.5864267530359852,2.408902513362027,0.24919657550716448,0.3513997458401445,0.43994134506405985,-0.6420387375057796,-0.4630788411589358,1.2866632785404648,-0.2749207073845788,-0.6252818913170464,-0.7653197277702214,1.8451996923807201
0.5925853535876261,1.187663216069884,0.6644922441606019,-0.4319574374522302,0.16392884978247996,0.24919657550716448,0.3513997458401445,0.43994134506405985,-0.6420387375057796,-0.4630788411589358,1.2866632785404648,-0.2749207073845788,-0.6252818913170464,-0.7653197277702214,1.8451996923807201
0.045487189324732974,-0.48531415682043455,1.1136922386906067,-0.7923858404809919,-0.6631667104836689,0.24919657550716448,0.3513997458401445,-2.273030282830976,-0.6420387375057796,-0.4630788411589358,1.2866632785404648,-0.2749207073845788,-0.6252818913170464,-0.7653197277702214,-0.5419467627971346
-1.027739745209071,-0.48531415682043455,-1.1323077339594174,0.0829402811602865,-0.5450102018742191,0.24919657550716448,0.3513997458401445,0.43994134506405985,1.5575384187640207,-0.4630788411589358,-0.7772041191183732,-0.2749207073845788,-0.6252818913170464,1.3066434376564755,-0.5419467627971346
1.2668807553945143,-0.48531415682043455,-0.6831077394294125,0.8810317450096874,0.7547113928297292,0.24919657550716448,0.3513997458401445,0.43994134506405985,1.5575384187640207,-0.4630788411589358,-0.7772041191183732,-0.2749207073845788,-0.6252818913170464,1.3066434376564755,-0.5419467627971346
0.09553039723293207,1.187663216069884,-1.5815077284894221,-0.5864267530359852,0.16392884978247996,0.24919657550716448,0.3513997458401445,0.43994134506405985,-0.6420387375057796,-0.4630788411589358,1.2866632785404648,-0.2749207073845788,1.599278683560907,-0.7653197277702214,-0.5419467627971346
-1.3012888273405177,-0.48531415682043455,1.1136922386906067,-1.2043040153710052,-0.7813232190931187,0.24919657550716448,0.3513997458401445,0.43994134506405985,-0.6420387375057796,2.1594594939758536,-0.7772041191183732,-0.2749207073845788,-0.6252818913170464,1.3066434376564755,-0.5419467627971346
0.006566829620533588,1.187663216069884,-0.6831077394294125,0.8810317450096874,0.28208535839192983,0.24919657550716448,0.3513997458401445,0.43994134506405985,1.5575384187640207,-0.4630788411589358,-0.7772041191183732,-0.2749207073845788,-0.6252818913170464,1.3066434376564755,-0.5419467627971346
-0.19343886758698106,-0.48531415682043455,1.1136922386906067,-0.7923858404809919,-0.7813232190931187,0.24919657550716448,0.3513997458401445,-2.273030282830976,-0.6420387375057796,-0.4630788411589358,1.2866632785404648,-0.2749207073845788,-0.6252818913170464,1.3066434376564755,-0.5419467627971346
0.9452514575434875,-0.48531415682043455,1.5628922332206117,-0.7923858404809919,-0.7813232190931187,0.24919657550716448,0.3513997458401445,0.43994134506405985,-0.6420387375057796,-0.4630788411589358,1.2866632785404648,-0.2749207073845788,-0.6252818913170464,1.3066434376564755,-0.5419467627971346
1.168757331766734,-0.48531415682043455,-0.23390774489940772,-0.40621255152160435,6.189910788864422,0.24919657550716448,0.3513997458401445,0.43994134506405985,-0.6420387375057796,-0.4630788411589358,1.2866632785404648,-0.2749207073845788,1.599278683560907,-0.7653197277702214,-0.5419467627971346
1.9663050561616282,-0.48531415682043455,0.2152922496305971,0.34038914046654484,0.872867901439179,0.24919657550716448,0.3513997458401445,0.43994134506405985,-0.6420387375057796,2.1594594939758536,-0.7772041191183732,-0.2749207073845788,-0.6252818913170464,-0.7653197277702214,1.8451996923807201
-0.8042338709858224,-0.48531415682043455,-1.1323077339594174,-0.2774881218684752,0.28208535839192983,0.24919657550716448,0.3513997458401445,0.43994134506405985,-0.6420387375057796,-0.4630788411589358,1.2866632785404648,-0.2749207073845788,-0.6252818913170464,-0.7653197277702214,-0.5419467627971346
1.0620910975407187,1.187663216069884,-0.6831077394294125,-0.7923858404809919,0.991024410048629,0.24919657550716448,0.3513997458401445,0.43994134506405985,-0.6420387375057796,-0.4630788411589358,-0.7772041191183732,3.6374124361651967,1.599278683560907,-0.7653197277702214,-0.5419467627971346
-1.3804058491649314,-0.48531415682043455,-0.6831077394294125,-0.020039262562216845,-0.42685369326476924,-0.9747335077359877,0.3513997458401445,0.43994134506405985,1.5575384187640207,-0.4630788411589358,-0.7772041191183732,-0.2749207073845788,-0.6252818913170464,1.3066434376564755,-0.5419467627971346
1.6312779379612206,-0.48531415682043455,0.6644922441606019,-0.3804676655909785,2.1725894961431274,0.24919657550716448,0.3513997458401445,0.43994134506405985,-0.6420387375057796,-0.4630788411589358,-0.7772041191183732,3.6374124361651967,-0.6252818913170464,-0.7653197277702214,1.8451996923807201
0.7460213936170528,-0.48531415682043455,1.1136922386906067,1.0612459465240682,-0.3086971846553194,0.24919657550716448,0.3513997458401445,0.43994134506405985,-0.6420387375057796,2.1594594939758536,-0.7772041191183732,-0.2749207073845788,-0.6252818913170464,1.3066434376564755,-0.5419467627971346
0.6717023754120399,2.860640588960202,-1.5815077284894221,0.031450509299034826,-0.5450102018742191,-3.4225936742222918,0.3513997458401445,-2.273030282830976,1.5575384187640207,-0.4630788411589358,-0.7772041191183732,-0.2749207073845788,-0.6252818913170464,-0.7653197277702214,1.8451996923807201
1.7949725178540408,-0.48531415682043455,0.2152922496305971,0.18591982488278982,0.5183983756108295,0.24919657550716448,0.3513997458401445,0.43994134506405985,-0.6420387375057796,2.1594594939758536,-0.7772041191183732,-0.2749207073845788,1.599278683560907,-0.7653197277702214,-0.5419467627971346
-1.1568999749416828,-0.48531415682043455,-1.5815077284894221,0.34038914046654484,-0.5450102018742191,0.24919657550716448,0.3513997458401445,0.43994134506405985,1.5575384187640207,-0.4630788411589358,-0.7772041191183732,-0.2749207073845788,-0.6252818913170464,-0.7653197277702214,1.8451996923807201
0.9329308678081057,-0.48531415682043455,1.5628922332206117,-0.40621255152160435,0.6365548842202794,0.24919657550716448,0.3513997458401445,0.43994134506405985,-0.6420387375057796,-0.4630788411589358,-0.7772041191183732,3.6374124361651967,-0.6252818913170464,-0.7653197277702214,1.8451996923807201
-1.3804058491649314,-0.48531415682043455,0.6644922441606019,0.4948584560502998,-0.8994797277025687,0.24919657550716448,-2.845761876148056,-2.273030282830976,-0.6420387375057796,-0.4630788411589358,1.2866632785404648,-0.2749207073845788,1.599278683560907,-0.7653197277702214,-0.5419467627971346
-1.0906195977370743,-0.48531415682043455,-0.6831077394294125,0.2374095967440415,-0.5450102018742191,0.24919657550716448,0.3513997458401445,0.43994134506405985,-0.6420387375057796,-0.4630788411589358,-0.7772041191183732,-0.2749207073845788,-0.6252818913170464,-0.7653197277702214,-0.5419467627971346
-1.0906195977370743,-0.48531415682043455,0.2152922496305971,0.031450509299034826,-0.6631667104836689,0.24919657550716448,0.3513997458401445,0.43994134506405985,-0.6420387375057796,-0.4630788411589358,-0.7772041191183732,-0.2749207073845788,-0.6252818913170464,1.3066434376564755,-0.5419467627971346
1.0339085147505265,-0.48531415682043455,1.1136922386906067,0.10868516709091233,1.9362764789242277,0.24919657550716448,0.3513997458401445,0.43994134506405985,-0.6420387375057796,-0.4630788411589358,-0.7772041191183732,3.6374124361651967,1.599278683560907,-0.7653197277702214,-0.5419467627971346
-1.027739745209071,1.187663216069884,-1.5815077284894221,0.8810317450096874,0.872867901439179,0.24919657550716448,0.3513997458401445,0.43994134506405985,1.5575384187640207,-0.4630788411589358,-0.7772041191183732,-0.2749207073845788,-0.6252818913170464,1.3066434376564755,-0.5419467627971346
-0.03362983249968083,-0.48531415682043455,-0.6831077394294125,-0.7923858404809919,-0.7813232190931187,0.24919657550716448,0.3513997458401445,-2.273030282830976,-0.6420387375057796,-0.4630788411589358,1.2866632785404648,-0.2749207073845788,1.599278683560907,-0.7653197277702214,-0.5419467627971346
-0.5512884395610322,1.187663216069884,-1.5815077284894221,-0.4319574374522302,-0.19054067604586958,0.24919657550716448,0.3513997458401445,0.43994134506405985,1.5575384187640207,-0.4630788411589358,-0.7772041191183732,-0.2749207073845788,1.599278683560907,-0.7653197277702214,-0.5419467627971346
1.4217027631915264,-0.48531415682043455,1.1136922386906067,0.7008175434953066,0.28208535839192983,0.24919657550716448,0.3513997458401445,0.43994134506405985,-0.6420387375057796,2.1594594939758536,-0.7772041191183732,-0.2749207073845788,1.599278683560907,-0.7653197277702214,-0.5419467627971346
0.21237003723016318,-0.48531415682043455,1.1136922386906067,-0.7923858404809919,-0.7813232190931187,0.24919657550716448,0.3513997458401445,-2.273030282830976,-0.6420387375057796,-0.4630788411589358,1.2866632785404648,-0.2749207073845788,1.599278683560907,-0.7653197277702214,-0.5419467627971346
-0.530684788854377,-0.48531415682043455,1.5628922332206117,2.502959558639115,-0.6631667104836689,-1.5866985493575636,0.3513997458401445,0.43994134506405985,-0.6420387375057796,-0.4630788411589358,-0.7772041191183732,-0.2749207073845788,-0.6252818913170464,1.3066434376564755,-0.5419467627971346
-1.3804058491649314,-0.48531415682043455,0.2152922496305971,0.7008175434953066,-0.5450102018742191,0.24919657550716448,-2.845761876148056,0.43994134506405985,1.5575384187640207,-0.4630788411589358,-0.7772041191183732,-0.2749207073845788,-0.6252818913170464,-0.7653197277702214,1.8451996923807201
0.5080077955192175,1.187663216069884,0.2152922496305971,0.13443005302153815,-0.19054067604586958,0.24919657550716448,0.3513997458401445,0.43994134506405985,-0.6420387375057796,-0.4630788411589358,1.2866632785404648,-0.2749207073845788,-0.6252818913170464,-0.7653197277702214,1.8451996923807201
0.9452514575434875,2.860640588960202,1.1136922386906067,0.2374095967440415,0.991024410048629,-0.9747335077359877,0.3513997458401445,-2.273030282830976,-0.6420387375057796,2.1594594939758536,-0.7772041191183732,-0.2749207073845788,-0.6252818913170464,-0.7653197277702214,1.8451996923807201
1.3794265613701784,1.187663216069884,-1.1323077339594174,0.10868516709091233,1.3454939358769786,0.24919657550716448,0.3513997458401445,0.43994134506405985,-0.6420387375057796,-0.4630788411589358,-0.7772041191183732,3.6374124361651967,1.599278683560907,-0.7653197277702214,-0.5419467627971346
0.9452514575434875,1.187663216069884,-0.6831077394294125,0.2374095967440415,0.16392884978247996,0.24919657550716448,0.3513997458401445,0.43994134506405985,-0.6420387375057796,-0.4630788411589358,1.2866632785404648,-0.2749207073845788,-0.6252818913170464,1.3066434376564755,-0.5419467627971346
0.8952082496352884,-0.48531415682043455,1.5628922332206117,-0.5349369811747335,0.28208535839192983,0.24919657550716448,0.3513997458401445,0.43994134506405985,-0.6420387375057796,-0.4630788411589358,1.2866632785404648,-0.2749207073845788,1.599278683560907,-0.7653197277702214,-0.5419467627971346
-0.209055491003348,-0.48531415682043455,0.2152922496305971,0.7008175434953066,-0.19054067604586958,0.24919657550716448,0.3513997458401445,0.43994134506405985,-0.6420387375057796,-0.4630788411589358,1.2866632785404648,-0.2749207073845788,-0.6252818913170464,-0.7653197277702214,1.8451996923807201
1.0339085147505265,1.187663216069884,-0.6831077394294125,2.502959558639115,0.991024410048629,0.24919657550716448,0.3513997458401445,0.43994134506405985,1.5575384187640207,-0.4630788411589358,-0.7772041191183732,-0.2749207073845788,-0.6252818913170464,1.3066434376564755,-0.5419467627971346
0.8160912278108746,-0.48531415682043455,-1.5815077284894221,-0.020039262562216845,0.28208535839192983,0.24919657550716448,0.3513997458401445,0.43994134506405985,-0.6420387375057796,-0.4630788411589358,1.2866632785404648,-0.2749207073845788,-0.6252818913170464,-0.7653197277702214,-0.5419467627971346
-0.34171326479133796,-0.48531415682043455,0.6644922441606019,0.7008175434953066,-0.07238416743641972,0.24919657550716448,0.3513997458401445,0.43994134506405985,1.5575384187640207,-0.4630788411589358,-0.7772041191183732,-0.2749207073845788,-0.6252818913170464,-0.7653197277702214,1.8451996923807201
0.045487189324732974,-0.48531415682043455,0.2152922496305971,-0.7923858404809919,-0.3086971846553194,0.24919657550716448,0.3513997458401445,0.43994134506405985,-0.6420387375057796,-0.4630788411589358,1.2866632785404648,-0.2749207073845788,-0.6252818913170464,1.3066434376564755,-0.5419467627971346
0.39815329328059224,-0.48531415682043455,-0.23390774489940772,0.10868516709091233,-0.6631667104836689,0.24919657550716448,0.3513997458401445,-2.273030282830976,-0.6420387375057796,-0.4630788411589358,1.2866632785404648,-0.2749207073845788,-0.6252818913170464,-0.7653197277702214,-0.5419467627971346
-0.17801868489851558,-0.48531415682043455,-0.6831077394294125,-0.6379165248972368,-0.6631667104836689,0.24919657550716448,0.3513997458401445,0.43994134506405985,-0.6420387375057796,-0.4630788411589358,1.2866632785404648,-0.2749207073845788,-0.6252818913170464,-0.7653197277702214,-0.5419467627971346
0.5080077955192175,-0.48531415682043455,0.6644922441606019,-0.5349369811747335,-0.42685369326476924,0.24919657550716448,0.3513997458401445,-2.273030282830976,-0.6420387375057796,-0.4630788411589358,1.2866632785404648,-0.2749207073845788,-0.6252818913170464,-0.7653197277702214,-0.5419467627971346
-0.45156776702996104,-0.48531415682043455,0.6644922441606019,0.34038914046654484,1.4636504444864284,0.24919657550716448,0.3513997458401445,0.43994134506405985,1.5575384187640207,-0.4630788411589358,-0.7772041191183732,-0.2749207073845788,-0.6252818913170464,1.3066434376564755,-0.5419467627971346
-0.209055491003348,-0.48531415682043455,0.2152922496305971,1.1384806043159457,0.7547113928297292,0.24919657550716448,0.3513997458401445,0.43994134506405985,1.5575384187640207,-0.4630788411589358,-0.7772041191183732,-0.2749207073845788,-0.6252818913170464,1.3066434376564755,-0.5419467627971346
-1.1914343251018935,-0.48531415682043455,1.5628922332206117,-0.5349369811747335,-0.5450102018742191,0.24919657550716448,0.3513997458401445,-2.273030282830976,-0.6420387375057796,-0.4630788411589358,1.2866632785404648,-0.2749207073845788,-0.6252818913170464,-0.7653197277702214,1.8451996923807201
-1.8762355296956341,1.187663216069884,1.1136922386906067,-0.3804676655909785,-0.7813232190931187,-4.646523757465443,0.3513997458401445,-2.273030282830976,1.5575384187640207,-0.4630788411589358,-0.7772041191183732,-0.2749207073845788,-0.6252818913170464,-0.7653197277702214,1.8451996923807201
-0.16279006223229373,-0.48531415682043455,1.1136922386906067,-0.2774881218684752,-0.6631667104836689,0.24919657550716448,0.3513997458401445,0.43994134506405985,-0.6420387375057796,2.1594594939758536,-0.7772041191183732,-0.2749207073845788,1.599278683560907,-0.7653197277702214,-0.5419467627971346
2.0685215999854885,-0.48531415682043455,-1.5815077284894221,-1.1528142435097535,0.7547113928297292,0.24919657550716448,0.3513997458401445,0.43994134506405985,-0.6420387375057796,-0.4630788411589358,-0.7772041191183732,3.6374124361651967,-0.6252818913170464,1.3066434376564755,-0.5419467627971346
2.0685215999854885,-0.48531415682043455,0.6644922441606019,-0.2774881218684752,0.28208535839192983,0.24919657550716448,0.3513997458401445,0.43994134506405985,-0.6420387375057796,2.1594594939758536,-0.7772041191183732,-0.2749207073845788,-0.6252818913170464,-0.7653197277702214,1.8451996923807201
-0.7541906630776245,-0.48531415682043455,-1.5815077284894221,-0.5349369811747335,-0.7813232190931187,0.24919657550716448,0.3513997458401445,0.43994134506405985,-0.6420387375057796,-0.4630788411589358,1.2866632785404648,-0.2749207073845788,-0.6252818913170464,-0.7653197277702214,1.8451996923807201
0.09553039723293207,-0.48531415682043455,-0.6831077394294125,-0.6636614108278627,-0.8994797277025687,0.24919657550716448,-2.845761876148056,-2.273030282830976,-0.6420387375057796,-0.4630788411589358,1.2866632785404648,-0.2749207073845788,-0.6252818913170464,-0.7653197277702214,1.8451996923807201
-0.530684788854377,-0.48531415682043455,1.5628922332206117,1.2672050339690748,1.2273374272675286,0.24919657550716448,0.3513997458401445,0.43994134506405985,1.5575384187640207,-0.4630788411589358,-0.7772041191183732,-0.2749207073845788,-0.6252818913170464,1.3066434376564755,-0.5419467627971346
1.5957424539276084,-0.48531415682043455,-0.23390774489940772,-0.5349369811747335,-0.6631667104836689,0.24919657550716448,0.3513997458401445,0.43994134506405985,-0.6420387375057796,-0.4630788411589358,1.2866632785404648,-0.2749207073845788,1.599278683560907,-0.7653197277702214,-0.5419467627971346
2.0685215999854885,-0.48531415682043455,0.2152922496305971,-0.25174323593784936,-0.19054067604586958,0.24919657550716448,0.3513997458401445,0.43994134506405985,-0.6420387375057796,-0.4630788411589358,1.2866632785404648,-0.2749207073845788,-0.6252818913170464,1.3066434376564755,-0.5419467627971346
-0.2408985374265188,-0.48531415682043455,-1.5815077284894221,-0.2774881218684752,-0.42685369326476924,0.24919657550716448,0.3513997458401445,0.43994134506405985,1.5575384187640207,-0.4630788411589358,-0.7772041191183732,-0.2749207073845788,1.599278683560907,-0.7653197277702214,-0.5419467627971346
0.9452514575434875,-0.48531415682043455,0.6644922441606019,-0.5864267530359852,-0.3086971846553194,0.24919657550716448,0.3513997458401445,0.43994134506405985,-0.6420387375057796,-0.4630788411589358,1.2866632785404648,-0.2749207073845788,1.599278683560907,-0.7653197277702214,-0.5419467627971346
-0.43256136522659655,-0.48531415682043455,1.1136922386906067,1.6533783229284624,-0.3086971846553194,0.24919657550716448,0.3513997458401445,0.43994134506405985,1.5575384187640207,-0.4630788411589358,-0.7772041191183732,-0.2749207073845788,-0.6252818913170464,1.3066434376564755,-0.5419467627971346
-1.027739745209071,-0.48531415682043455,-1.5815077284894221,0.031450509299034826,-0.7813232190931187,0.24919657550716448,0.3513997458401445,0.43994134506405985,1.5575384187640207,-0.4630788411589358,-0.7772041191183732,-0.2749207073845788,1.599278683560907,-0.7653197277702214,-0.5419467627971346
-1.0906195977370743,-0.48531415682043455,0.2152922496305971,0.2374095967440415,-0.5450102018742191,0.24919657550716448,0.3513997458401445,0.43994134506405985,-0.6420387375057796,-0.4630788411589358,-0.7772041191183732,-0.2749207073845788,-0.6252818913170464,1.3066434376564755,-0.5419467627971346
1.715855496029627,-0.48531415682043455,-0.23390774489940772,-0.020039262562216845,2.6452155305809266,0.24919657550716448,0.3513997458401445,0.43994134506405985,-0.6420387375057796,-0.4630788411589358,-0.7772041191183732,3.6374124361651967,-0.6252818913170464,1.3066434376564755,-0.5419467627971346
0.43587591145341176,1.187663216069884,1.1136922386906067,0.8552868590790615,-0.19054067604586958,0.24919657550716448,-2.845761876148056,-2.273030282830976,-0.6420387375057796,-0.4630788411589358,-0.7772041191183732,-0.2749207073845788,-0.6252818913170464,-0.7653197277702214,1.8451996923807201
-0.8042338709858224,1.187663216069884,-0.23390774489940772,-0.6636614108278627,-0.7813232190931187,0.24919657550716448,-2.845761876148056,-2.273030282830976,-0.6420387375057796,-0.4630788411589358,1.2866632785404648,-0.2749207073845788,-0.6252818913170464,1.3066434376564755,-0.5419467627971346
-1.3804058491649314,-0.48531415682043455,-0.6831077394294125,2.502959558639115,-0.8994797277025687,0.24919657550716448,0.3513997458401445,0.43994134506405985,-0.6420387375057796,-0.4630788411589358,1.2866632785404648,-0.2749207073845788,-0.6252818913170464,1.3066434376564755,-0.5419467627971346
-0.43256136522659655,-0.48531415682043455,-0.23390774489940772,0.7523073153565581,-0.3086971846553194,0.24919657550716448,0.3513997458401445,0.43994134506405985,1.5575384187640207,-0.4630788411589358,-0.7772041191183732,-0.2749207073845788,-0.6252818913170464,1.3066434376564755,-0.5419467627971346
-0.6598450185869889,-0.48531415682043455,-0.23390774489940772,0.2374095967440415,0.16392884978247996,0.24919657550716448,0.3513997458401445,0.43994134506405985,-0.6420387375057796,-0.4630788411589358,1.2866632785404648,-0.2749207073845788,1.599278683560907,-0.7653197277702214,-0.5419467627971346
-1.3012888273405177,-0.48531415682043455,-1.1323077339594174,-1.719201733983522,-0.7813232190931187,0.24919657550716448,0.3513997458401445,-2.273030282830976,-0.6420387375057796,-0.4630788411589358,1.2866632785404648,-0.2749207073845788,1.599278683560907,-0.7653197277702214,-0.5419467627971346
1.218800539674933,2.860640588960202,-1.1323077339594174,-0.6894062967584885,-0.7813232190931187,0.24919657550716448,0.3513997458401445,0.43994134506405985,-0.6420387375057796,2.1594594939758536,-0.7772041191183732,-0.2749207073845788,1.599278683560907,-0.7653197277702214,-0.5419467627971346
-0.8042338709858224,-0.48531415682043455,1.1136922386906067,-0.7923858404809919,-0.5450102018742191,0.24919657550716448,0.3513997458401445,-2.273030282830976,-0.6420387375057796,-0.4630788411589358,1.2866632785404648,-0.2749207073845788,1.599278683560907,-0.7653197277702214,-0.5419467627971346
1.6658122881214301,-0.48531415682043455,1.5628922332206117,-0.40621255152160435,-0.6631667104836689,-0.9747335077359877,0.3513997458401445,-2.273030282830976,-0.6420387375057796,-0.4630788411589358,1.2866632785404648,-0.2749207073845788,-0.6252818913170464,1.3066434376564755,-0.5419467627971346
1.5214234357225953,-0.48531415682043455,-0.23390774489940772,-0.2774881218684752,-0.42685369326476924,-0.36276846611441155,0.3513997458401445,0.43994134506405985,-0.6420387375057796,-0.4630788411589358,1.2866632785404648,-0.2749207073845788,1.599278683560907,-0.7653197277702214,-0.5419467627971346
-0.530684788854377,-0.48531415682043455,1.5628922332206117,0.7523073153565581,0.872867901439179,0.24919657550716448,0.3513997458401445,0.43994134506405985,1.5575384187640207,-0.4630788411589358,-0.7772041191183732,-0.2749207073845788,-0.6252818913170464,-0.7653197277702214,1.8451996923807201
-0.30717891463112845,-0.48531415682043455,1.5628922332206117,-0.5349369811747335,-0.3086971846553194,0.24919657550716448,0.3513997458401445,0.43994134506405985,-0.6420387375057796,-0.4630788411589358,1.2866632785404648,-0.2749207073845788,-0.6252818913170464,-0.7653197277702214,-0.5419467627971346
0.09553039723293207,1.187663216069884,-0.23390774489940772,-0.5349369811747335,0.872867901439179,-5.2584887990870195,-2.845761876148056,-2.273030282830976,1.5575384187640207,-0.4630788411589358,-0.7772041191183732,-0.2749207073845788,-0.6252818913170464,-0.7653197277702214,-0.5419467627971346
-1.3012888273405177,1.187663216069884,1.1136922386906067,-0.2774881218684752,-0.5450102018742191,0.24919657550716448,0.3513997458401445,0.43994134506405985,-0.6420387375057796,-0.4630788411589358,1.2866632785404648,-0.2749207073845788,-0.6252818913170464,-0.7653197277702214,-0.5419467627971346
-0.03362983249968083,4.533617961850521,0.2152922496305971,0.8810317450096874,-0.5450102018742191,0.24919657550716448,0.3513997458401445,0.43994134506405985,1.5575384187640207,-0.4630788411589358,-0.7772041191183732,-0.2749207073845788,1.599278683560907,-0.7653197277702214,-0.5419467627971346
0.25615641892817526,-0.48531415682043455,1.1136922386906067,0.005705623368408991,0.16392884978247996,0.24919657550716448,0.3513997458401445,0.43994134506405985,-0.6420387375057796,-0.4630788411589358,-0.7772041191183732,3.6374124361651967,-0.6252818913170464,1.3066434376564755,-0.5419467627971346
0.8952082496352884,-0.48531415682043455,1.1136922386906067,0.031450509299034826,0.16392884978247996,0.24919657550716448,0.3513997458401445,0.43994134506405985,-0.6420387375057796,-0.4630788411589358,1.2866632785404648,-0.2749207073845788,1.599278683560907,-0.7653197277702214,-0.5419467627971346
-0.706110447358042,-0.48531415682043455,0.2152922496305971,1.395929463622204,-0.07238416743641972,0.24919657550716448,0.3513997458401445,0.43994134506405985,1.5575384187640207,-0.4630788411589358,-0.7772041191183732,-0.2749207073845788,1.599278683560907,-0.7653197277702214,-0.5419467627971346
-0.34171326479133796,-0.48531415682043455,-1.1323077339594174,2.502959558639115,-0.3086971846553194,0.24919657550716448,0.3513997458401445,0.43994134506405985,-0.6420387375057796,-0.4630788411589358,1.2866632785404648,-0.2749207073845788,-0.6252818913170464,1.3066434376564755,-0.5419467627971346
-1.027739745209071,-0.48531415682043455,-0.23390774489940772,2.502959558639115,-0.5450102018742191,0.24919657550716448,0.3513997458401445,0.43994134506405985,-0.6420387375057796,-0.4630788411589358,-0.7772041191183732,-0.2749207073845788,1.599278683560907,-0.7653197277702214,-0.5419467627971346
-0.530684788854377,-0.48531415682043455,-1.1323077339594174,0.031450509299034826,0.28208535839192983,0.24919657550716448,0.3513997458401445,0.43994134506405985,1.5575384187640207,-0.4630788411589358,-0.7772041191183732,-0.2749207073845788,-0.6252818913170464,1.3066434376564755,-0.5419467627971346
-1.3012888273405177,-0.48531415682043455,0.2152922496305971,-1.7964363917753994,-0.8994797277025687,0.24919657550716448,0.3513997458401445,-2.273030282830976,-0.6420387375057796,-0.4630788411589358,1.2866632785404648,-0.2749207073845788,-0.6252818913170464,-0.7653197277702214,1.8451996923807201
-0.11820739056808939,-0.48531415682043455,1.1136922386906067,-0.5349369811747335,-0.7813232190931187,0.24919657550716448,0.3513997458401445,0.43994134506405985,-0.6420387375057796,-0.4630788411589358,1.2866632785404648,-0.2749207073845788,-0.6252818913170464,-0.7653197277702214,1.8451996923807201
-0.530684788854377,-0.48531415682043455,0.6644922441606019,-1.7964363917753994,-0.7813232190931187,-3.4225936742222918,-2.845761876148056,-2.273030282830976,-0.6420387375057796,-0.4630788411589358,1.2866632785404648,-0.2749207073845788,1.599278683560907,-0.7653197277702214,-0.5419467627971346
1.810201140520265,-0.48531415682043455,0.6644922441606019,-0.8438756123422435,1.4636504444864284,0.24919657550716448,0.3513997458401445,0.43994134506405985,-0.6420387375057796,-0.4630788411589358,1.2866632785404648,-0.2749207073845788,-0.6252818913170464,1.3066434376564755,-0.5419467627971346
0.5253965744445626,-0.48531415682043455,0.2152922496305971,-0.2774881218684752,0.045772341173030126,0.24919657550716448,0.3513997458401445,0.43994134506405985,-0.6420387375057796,-0.4630788411589358,1.2866632785404648,-0.2749207073845788,-0.6252818913170464,-0.7653197277702214,1.8451996923807201
-1.1568999749416828,-0.48531415682043455,1.1136922386906067,2.502959558639115,0.045772341173030126,0.24919657550716448,0.3513997458401445,0.43994134506405985,-0.6420387375057796,-0.4630788411589358,-0.7772041191183732,-0.2749207073845788,-0.6252818913170464,1.3066434376564755,-0.5419467627971346
-1.5558315076685976,1.187663216069884,0.6644922441606019,-0.5349369811747335,0.28208535839192983,0.24919657550716448,0.3513997458401445,0.43994134506405985,-0.6420387375057796,-0.4630788411589358,1.2866632785404648,-0.2749207073845788,-0.6252818913170464,-0.7653197277702214,1.8451996923807201
1.357728855829773,-0.48531415682043455,1.1136922386906067,0.34038914046654484,1.5818069530958783,0.24919657550716448,0.3513997458401445,0.43994134506405985,-0.6420387375057796,-0.4630788411589358,-0.7772041191183732,3.6374124361651967,-0.6252818913170464,-0.7653197277702214,1.8451996923807201
-0.30717891463112845,-0.48531415682043455,-1.5815077284894221,0.4948584560502998,1.4636504444864284,-4.646523757465443,0.3513997458401445,0.43994134506405985,1.5575384187640207,-0.4630788411589358,-0.7772041191183732,-0.2749207073845788,-0.6252818913170464,-0.7653197277702214,-0.5419467627971346
-0.6827594868673343,-0.48531415682043455,0.2152922496305971,-0.7923858404809919,-0.42685369326476924,0.24919657550716448,0.3513997458401445,0.43994134506405985,-0.6420387375057796,-0.4630788411589358,1.2866632785404648,-0.2749207073845788,-0.6252818913170464,-0.7653197277702214,1.8451996923807201
1.7949725178540408,-0.48531415682043455,1.1136922386906067,0.5978379997728032,-0.19054067604586958,0.24919657550716448,0.3513997458401445,0.43994134506405985,-0.6420387375057796,2.1594594939758536,-0.7772041191183732,-0.2749207073845788,1.599278683560907,-0.7653197277702214,-0.5419467627971346
0.09553039723293207,2.860640588960202,-1.5815077284894221,0.8810317450096874,0.991024410048629,0.24919657550716448,0.3513997458401445,0.43994134506405985,1.5575384187640207,-0.4630788411589358,-0.7772041191183732,-0.2749207073845788,-0.6252818913170464,-0.7653197277702214,-0.5419467627971346
-0.45156776702996104,-0.48531415682043455,-0.6831077394294125,-0.7923858404809919,-0.6631667104836689,0.24919657550716448,0.3513997458401445,0.43994134506405985,-0.6420387375057796,2.1594594939758536,-0.7772041191183732,-0.2749207073845788,-0.6252818913170464,1.3066434376564755,-0.5419467627971346
0.09553039723293207,-0.48531415682043455,-1.5815077284894221,-0.5349369811747335,-0.6631667104836689,0.24919657550716448,0.3513997458401445,0.43994134506405985,-0.6420387375057796,2.1594594939758536,-0.7772041191183732,-0.2749207073845788,-0.6252818913170464,-0.7653197277702214,1.8451996923807201
-1.8176495111892004,-0.48531415682043455,-0.6831077394294125,-0.6636614108278627,-0.7813232190931187,0.24919657550716448,0.3513997458401445,-2.273030282830976,-0.6420387375057796,-0.4630788411589358,1.2866632785404648,-0.2749207073845788,1.599278683560907,-0.7653197277702214,-0.5419467627971346
1.0620910975407187,-0.48531415682043455,1.1136922386906067,-1.5647324183997668,-0.8994797277025687,0.24919657550716448,-2.845761876148056,-2.273030282830976,-0.6420387375057796,-0.4630788411589358,1.2866632785404648,-0.2749207073845788,1.599278683560907,-0.7653197277702214,-0.5419467627971346
-0.530684788854377,-0.48531415682043455,1.1136922386906067,-0.7151511826891144,-0.42685369326476924,0.24919657550716448,0.3513997458401445,0.43994134506405985,-0.6420387375057796,2.1594594939758536,-0.7772041191183732,-0.2749207073845788,-0.6252818913170464,1.3066434376564755,-0.5419467627971346
-0.047327051644016044,-0.48531415682043455,1.1136922386906067,1.2672050339690748,0.5183983756108295,0.24919657550716448,0.3513997458401445,0.43994134506405985,1.5575384187640207,-0.4630788411589358,-0.7772041191183732,-0.2749207073845788,1.599278683560907,-0.7653197277702214,-0.5419467627971346
-0.03362983249968083,-0.48531415682043455,-1.1323077339594174,-0.020039262562216845,-0.42685369326476924,0.24919657550716448,0.3513997458401445,0.43994134506405985,-0.6420387375057796,-0.4630788411589358,1.2866632785404648,-0.2749207073845788,-0.6252818913170464,1.3066434376564755,-0.5419467627971346
-0.41384514885714374,-0.48531415682043455,-0.6831077394294125,-0.020039262562216845,-0.7813232190931187,0.24919657550716448,-2.845761876148056,0.43994134506405985,-0.6420387375057796,-0.4630788411589358,-0.7772041191183732,-0.2749207073845788,-0.6252818913170464,-0.7653197277702214,1.8451996923807201
0.7315136697424661,1.187663216069884,-1.5815077284894221,1.2672050339690748,-0.19054067604586958,0.24919657550716448,0.3513997458401445,0.43994134506405985,1.5575384187640207,-0.4630788411589358,-0.7772041191183732,-0.2749207073845788,1.599278683560907,-0.7653197277702214,-0.5419467627971346
-1.1568999749416828,-0.48531415682043455,0.6644922441606019,-0.7923858404809919,-0.42685369326476924,0.24919657550716448,0.3513997458401445,0.43994134506405985,-0.6420387375057796,-0.4630788411589358,1.2866632785404648,-0.2749207073845788,-0.6252818913170464,1.3066434376564755,-0.5419467627971346
-0.9679284508786449,-0.48531415682043455,0.6644922441606019,0.10868516709091233,-0.6631667104836689,0.24919657550716448,0.3513997458401445,0.43994134506405985,1.5575384187640207,-0.4630788411589358,-0.7772041191183732,-0.2749207073845788,-0.6252818913170464,1.3066434376564755,-0.5419467627971346
0.21237003723016318,-0.48531415682043455,0.2152922496305971,-0.32897789372972686,-0.42685369326476924,0.24919657550716448,0.3513997458401445,0.43994134506405985,-0.6420387375057796,-0.4630788411589358,1.2866632785404648,-0.2749207073845788,-0.6252818913170464,-0.7653197277702214,-0.5419467627971346
-0.34171326479133796,-0.48531415682043455,1.1136922386906067,1.2672050339690748,0.045772341173030126,0.24919657550716448,0.3513997458401445,0.43994134506405985,1.5575384187640207,-0.4630788411589358,-0.7772041191183732,-0.2749207073845788,-0.6252818913170464,-0.7653197277702214,-0.5419467627971346
-0.209055491003348,-0.48531415682043455,-1.5815077284894221,-0.40621255152160435,1.2273374272675286,0.24919657550716448,0.3513997458401445,0.43994134506405985,1.5575384187640207,-0.4630788411589358,-0.7772041191183732,-0.2749207073845788,-0.6252818913170464,1.3066434376564755,-0.5419467627971346
1.9529072358122475,-0.48531415682043455,1.1136922386906067,-0.40621255152160435,5.362815228598273,0.24919657550716448,0.3513997458401445,0.43994134506405985,-0.6420387375057796,-0.4630788411589358,-0.7772041191183732,3.6374124361651967,-0.6252818913170464,-0.7653197277702214,1.8451996923807201
0.6406655693072075,1.187663216069884,-0.23390774489940772,-1.8221812777060253,-0.8994797277025687,0.24919657550716448,0.3513997458401445,-2.273030282830976,-0.6420387375057796,-0.4630788411589358,1.2866632785404648,-0.2749207073845788,-0.6252818913170464,-0.7653197277702214,1.8451996923807201
0.9452514575434875,2.860640588960202,-1.5815077284894221,-0.40621255152160435,-0.7813232190931187,0.24919657550716448,0.3513997458401445,-2.273030282830976,-0.6420387375057796,-0.4630788411589358,1.2866632785404648,-0.2749207073845788,-0.6252818913170464,-0.7653197277702214,-0.5419467627971346
-0.22487362479410464,-0.48531415682043455,-0.6831077394294125,0.4433686841890482,0.045772341173030126,0.24919657550716448,0.3513997458401445,0.43994134506405985,-0.6420387375057796,-0.4630788411589358,1.2866632785404648,-0.2749207073845788,-0.6252818913170464,-0.7653197277702214,1.8451996923807201
0.11980620752974591,-0.48531415682043455,1.5628922332206117,-0.7923858404809919,-0.5450102018742191,0.24919657550716448,-2.845761876148056,-2.273030282830976,-0.6420387375057796,-0.4630788411589358,1.2866632785404648,-0.2749207073845788,1.599278683560907,-0.7653197277702214,-0.5419467627971346
1.57758081271344,-0.48531415682043455,1.1136922386906067,-0.6379165248972368,2.2907460047525774,0.24919657550716448,0.3513997458401445,0.43994134506405985,-0.6420387375057796,-0.4630788411589358,-0.7772041191183732,3.6374124361651967,-0.6252818913170464,1.3066434376564755,-0.5419467627971346
-0.530684788854377,-0.48531415682043455,-0.6831077394294125,-0.020039262562216845,-0.19054067604586958,0.24919657550716448,0.3513997458401445,0.43994134506405985,-0.6420387375057796,-0.4630788411589358,-0.7772041191183732,-0.2749207073845788,-0.6252818913170464,-0.7653197277702214,-0.5419467627971346
0.16696157344322,-0.48531415682043455,1.1136922386906067,1.5246538932753333,2.1725894961431274,0.24919657550716448,0.3513997458401445,0.43994134506405985,1.5575384187640207,-0.4630788411589358,-0.7772041191183732,-0.2749207073845788,1.599278683560907,-0.7653197277702214,-0.5419467627971346
-0.530684788854377,-0.48531415682043455,1.1136922386906067,-0.4319574374522302,-0.3086971846553194,0.24919657550716448,0.3513997458401445,0.43994134506405985,-0.6420387375057796,-0.4630788411589358,1.2866632785404648,-0.2749207073845788,-0.6252818913170464,1.3066434376564755,-0.5419467627971346
0.09553039723293207,-0.48531415682043455,-1.1323077339594174,-0.6636614108278627,-0.5450102018742191,-5.2584887990870195,0.3513997458401445,0.43994134506405985,-0.6420387375057796,-0.4630788411589358,1.2866632785404648,-0.2749207073845788,-0.6252818913170464,1.3066434376564755,-0.5419467627971346
0.542542145679427,-0.48531415682043455,0.6644922441606019,0.7008175434953066,0.28208535839192983,0.24919657550716448,0.3513997458401445,0.43994134506405985,1.5575384187640207,-0.4630788411589358,-0.7772041191183732,-0.2749207073845788,1.599278683560907,-0.7653197277702214,-0.5419467627971346
-0.45156776702996104,-0.48531415682043455,-0.6831077394294125,-0.25174323593784936,-0.5450102018742191,0.24919657550716448,0.3513997458401445,0.43994134506405985,-0.6420387375057796,2.1594594939758536,-0.7772041191183732,-0.2749207073845788,-0.6252818913170464,1.3066434376564755,-0.5419467627971346
1.854783812184467,-0.48531415682043455,0.2152922496305971,-0.2774881218684752,0.5183983756108295,0.24919657550716448,0.3513997458401445,-2.273030282830976,-0.6420387375057796,-0.4630788411589358,1.2866632785404648,-0.2749207073845788,-0.6252818913170464,-0.7653197277702214,-0.5419467627971346
-0.706110447358042,-0.48531415682043455,-0.23390774489940772,0.7008175434953066,-0.7813232190931187,0.24919657550716448,0.3513997458401445,0.43994134506405985,-0.6420387375057796,-0.4630788411589358,1.2866632785404648,-0.2749207073845788,-0.6252818913170464,1.3066434376564755,-0.5419467627971346
-1.3804058491649314,-0.48531415682043455,1.1136922386906067,0.160174938952164,-0.8994797277025687,0.24919657550716448,-2.845761876148056,-2.273030282830976,-0.6420387375057796,-0.4630788411589358,1.2866632785404648,-0.2749207073845788,1.599278683560907,-0.7653197277702214,-0.5419467627971346
-1.1568999749416828,-0.48531415682043455,-0.6831077394294125,1.0612459465240682,-0.6631667104836689,0.24919657550716448,0.3513997458401445,0.43994134506405985,-0.6420387375057796,-0.4630788411589358,-0.7772041191183732,-0.2749207073845788,1.599278683560907,-0.7653197277702214,-0.5419467627971346
1.4423064138981816,-0.48531415682043455,0.2152922496305971,-0.32897789372972686,-0.5450102018742191,0.24919657550716448,0.3513997458401445,0.43994134506405985,-0.6420387375057796,2.1594594939758536,-0.7772041191183732,-0.2749207073845788,-0.6252818913170464,1.3066434376564755,-0.5419467627971346
1.6658122881214301,-0.48531415682043455,-0.23390774489940772,-0.40621255152160435,2.0544329875336778,0.24919657550716448,0.3513997458401445,0.43994134506405985,-0.6420387375057796,-0.4630788411589358,-0.7772041191183732,3.6374124361651967,-0.6252818913170464,1.3066434376564755,-0.5419467627971346
1.0050627518739115,2.860640588960202,-1.1323077339594174,-0.7923858404809919,-0.42685369326476924,0.24919657550716448,0.3513997458401445,0.43994134506405985,-0.6420387375057796,-0.4630788411589358,1.2866632785404648,-0.2749207073845788,1.599278683560907,-0.7653197277702214,-0.5419467627971346
0.3190362714561784,1.187663216069884,-0.6831077394294125,-0.2774881218684752,-0.42685369326476924,0.24919657550716448,0.3513997458401445,0.43994134506405985,-0.6420387375057796,-0.4630788411589358,1.2866632785404648,-0.2749207073845788,1.599278683560907,-0.7653197277702214,-0.5419467627971346
0.9452514575434875,1.187663216069884,-0.23390774489940772,-0.7923858404809919,-0.6631667104836689,0.24919657550716448,0.3513997458401445,0.43994134506405985,-0.6420387375057796,-0.4630788411589358,1.2866632785404648,-0.2749207073845788,-0.6252818913170464,1.3066434376564755,-0.5419467627971346
-0.7541906630776245,2.860640588960202,-1.5815077284894221,-0.9983449279259986,-0.42685369326476924,0.24919657550716448,0.3513997458401445,0.43994134506405985,-0.6420387375057796,-0.4630788411589358,-0.7772041191183732,-0.2749207073845788,1.599278683560907,-0.7653197277702214,-0.5419467627971346
0.09553039723293207,-0.48531415682043455,0.6644922441606019,-0.5091920952441077,0.045772341173030126,0.24919657550716448,0.3513997458401445,0.43994134506405985,-0.6420387375057796,-0.4630788411589358,-0.7772041191183732,3.6374124361651967,-0.6252818913170464,1.3066434376564755,-0.5419467627971346
0.6717023754120399,-0.48531415682043455,-0.23390774489940772,-0.2774881218684752,1.2273374272675286,0.24919657550716448,0.3513997458401445,0.43994134506405985,-0.6420387375057796,-0.4630788411589358,1.2866632785404648,-0.2749207073845788,-0.6252818913170464,1.3066434376564755,-0.5419467627971346
1.218800539674933,-0.48531415682043455,1.1136922386906067,-0.3804676655909785,2.0544329875336778,0.24919657550716448,0.3513997458401445,0.43994134506405985,-0.6420387375057796,-0.4630788411589358,-0.7772041191183732,3.6374124361651967,-0.6252818913170464,-0.7653197277702214,1.8451996923807201
-1.1568999749416828,-0.48531415682043455,-1.5815077284894221,0.34038914046654484,-0.5450102018742191,0.24919657550716448,0.3513997458401445,0.43994134506405985,1.5575384187640207,-0.4630788411589358,-0.7772041191183732,-0.2749207073845788,-0.6252818913170464,-0.7653197277702214,1.8451996923807201
0.7460213936170528,-0.48531415682043455,0.2152922496305971,0.34038914046654484,-0.3086971846553194,0.24919657550716448,0.3513997458401445,0.43994134506405985,-0.6420387375057796,2.1594594939758536,-0.7772041191183732,-0.2749207073845788,-0.6252818913170464,1.3066434376564755,-0.5419467627971346
-0.530684788854377,-0.48531415682043455,-0.6831077394294125,-0.5864267530359852,-0.3086971846553194,0.24919657550716448,0.3513997458401445,0.43994134506405985,-0.6420387375057796,-0.4630788411589358,-0.7772041191183732,3.6374124361651967,-0.6252818913170464,1.3066434376564755,-0.5419467627971346
-0.530684788854377,-0.48531415682043455,-0.23390774489940772,-0.7923858404809919,-0.42685369326476924,0.24919657550716448,-2.845761876148056,-2.273030282830976,-0.6420387375057796,-0.4630788411589358,1.2866632785404648,-0.2749207073845788,1.599278683560907,-0.7653197277702214,-0.5419467627971346
0.6717023754120399,-0.48531415682043455,1.5628922332206117,0.41762379825842233,0.16392884978247996,0.24919657550716448,-2.845761876148056,0.43994134506405985,1.5575384187640207,-0.4630788411589358,-0.7772041191183732,-0.2749207073845788,-0.6252818913170464,1.3066434376564755,-0.5419467627971346
1.715855496029627,-0.48531415682043455,1.1136922386906067,-0.40621255152160435,0.28208535839192983,0.24919657550716448,0.3513997458401445,0.43994134506405985,-0.6420387375057796,-0.4630788411589358,-0.7772041191183732,3.6374124361651967,-0.6252818913170464,1.3066434376564755,-0.5419467627971346
1.4423064138981816,-0.48531415682043455,1.1136922386906067,1.2672050339690748,-0.42685369326476924,0.24919657550716448,0.3513997458401445,0.43994134506405985,-0.6420387375057796,2.1594594939758536,-0.7772041191183732,-0.2749207073845788,1.599278683560907,-0.7653197277702214,-0.5419467627971346
1.290231715885223,-0.48531415682043455,-0.6831077394294125,-1.8221812777060253,-0.6631667104836689,0.24919657550716448,0.3513997458401445,0.43994134506405985,-0.6420387375057796,-0.4630788411589358,1.2866632785404648,-0.2749207073845788,-0.6252818913170464,1.3066434376564755,-0.5419467627971346
